,age,age_sum,apprearence,encoding sum,gender,gender_sum,id,image sharpness
0,17.5,35,2,1.50545493097,0,1,0,6.36710094502
1,31.0,31,1,1.58079668061,1,1,1,5.91490595923
